date,ppm
3/29/58,316.19
4/5/58,317.31
4/12/58,317.69
4/19/58,317.58
4/26/58,316.48
5/3/58,316.95
5/17/58,317.56
5/24/58,317.99
7/5/58,315.85
7/12/58,315.85
7/19/58,315.46
7/26/58,315.59
8/2/58,315.64
8/9/58,315.1
8/16/58,315.09
8/30/58,314.14
9/6/58,313.54
11/8/58,313.05
11/15/58,313.26
11/22/58,313.57
11/29/58,314.01
12/6/58,314.56
12/13/58,314.41
12/20/58,314.77
12/27/58,315.21
1/3/59,315.24
1/10/59,315.5
1/17/59,315.69
1/24/59,315.86
1/31/59,315.42
2/14/59,316.94
2/21/59,316.61
2/28/59,316.62
3/7/59,316.81
3/21/59,316.73
3/28/59,316.71
4/4/59,317.72
4/11/59,317.12
4/18/59,317.64
4/25/59,318.32
5/2/59,318.27
5/9/59,318.78
5/16/59,318.05
5/23/59,318.43
6/6/59,318.53
6/13/59,318.14
6/20/59,317.88
6/27/59,317.76
7/4/59,316.86
7/11/59,316.83
7/18/59,316.45
7/25/59,316.16
8/1/59,315.62
8/8/59,314.91
8/22/59,315
8/29/59,314.15
9/5/59,314.45
9/12/59,313.93
9/19/59,313.57
9/26/59,313.54
10/3/59,313.04
10/10/59,313.15
10/17/59,313.43
10/24/59,313.46
10/31/59,314.12
11/7/59,314.42
11/14/59,314.88
11/21/59,315.2
11/28/59,315.11
12/5/59,315.06
12/12/59,315.64
12/19/59,315.86
12/26/59,315.77
1/2/60,315.72
1/9/60,316.4
1/16/60,316.73
1/23/60,316.57
1/30/60,316.68
2/6/60,316.61
2/13/60,316.98
2/20/60,317.42
2/27/60,317
3/5/60,316.96
3/12/60,317.76
3/19/60,318.07
3/26/60,317.77
4/2/60,318.61
4/9/60,319.34
4/16/60,319.01
4/23/60,319.03
4/30/60,319.77
5/7/60,319.96
5/14/60,319.82
5/21/60,320.04
5/28/60,320.06
6/4/60,319.46
6/11/60,320.08
6/18/60,319.42
6/25/60,319.09
7/2/60,318.18
7/9/60,318.64
7/16/60,318.41
7/23/60,317.91
7/30/60,317.33
8/6/60,316.62
8/13/60,316.7
8/20/60,315.1
8/27/60,314.78
9/3/60,314.72
9/10/60,314.58
9/17/60,314.28
9/24/60,313.33
10/1/60,313.66
10/8/60,313.32
10/15/60,313.92
10/22/60,314.21
10/29/60,314.29
11/5/60,314.5
11/12/60,315.1
11/19/60,315.1
11/26/60,315.41
12/3/60,315.84
12/10/60,316.07
12/17/60,316.21
12/24/60,316.4
12/31/60,316.67
1/7/61,316.73
1/14/61,317.02
1/21/61,317.03
1/28/61,317.01
2/4/61,317.06
2/11/61,317.75
2/18/61,317.94
2/25/61,318
3/4/61,318.04
3/11/61,318.51
3/18/61,318.92
3/25/61,318.71
4/1/61,319.41
4/8/61,319.55
4/15/61,318.9
4/22/61,319.74
4/29/61,319.67
5/6/61,320.67
5/13/61,320.46
5/20/61,320.61
5/27/61,320.36
6/3/61,320.09
6/10/61,320.02
6/17/61,319.62
6/24/61,319.49
7/1/61,319.26
7/8/61,319.07
7/15/61,318.49
7/22/61,317.16
7/29/61,317.97
8/5/61,317.91
8/12/61,317.33
8/19/61,316.76
8/26/61,315.26
9/2/61,315.28
9/9/61,314.97
9/16/61,314.53
9/23/61,315.06
9/30/61,315.61
10/7/61,314.97
10/14/61,315.43
10/21/61,315.48
10/28/61,315.72
11/4/61,315.82
11/11/61,315.7
11/18/61,316.21
11/25/61,316.55
12/2/61,316.52
12/9/61,317.02
12/16/61,316.94
12/23/61,317.18
12/30/61,317.46
1/6/62,317.99
1/13/62,318.12
1/20/62,318.07
1/27/62,317.78
2/3/62,318.08
2/10/62,318.35
2/17/62,318.92
2/24/62,319.38
3/3/62,319.28
3/10/62,319.46
3/17/62,319.95
3/24/62,319.78
3/31/62,320.27
4/7/62,320.26
4/14/62,321.03
4/21/62,320.78
4/28/62,320.36
5/5/62,320.89
5/12/62,320.78
5/19/62,321.05
5/26/62,321.16
6/2/62,320.91
6/9/62,320.87
6/16/62,320.52
6/23/62,320.15
6/30/62,320.23
7/7/62,320.1
7/14/62,319.95
7/21/62,319.01
7/28/62,318.75
8/4/62,318.68
8/11/62,317.24
8/18/62,317.48
9/15/62,316.65
9/22/62,315.72
9/29/62,315.92
10/6/62,315.1
10/13/62,315.4
10/20/62,315.72
10/27/62,315.78
11/3/62,315.94
11/10/62,316.49
11/17/62,316.92
11/24/62,317.08
12/1/62,317.19
12/8/62,317.31
12/15/62,317.66
12/22/62,318.18
1/5/63,318.54
1/12/63,318.73
1/19/63,318.9
1/26/63,318.82
2/2/63,318.77
2/9/63,318.95
2/23/63,319.37
3/2/63,319.35
3/9/63,319.7
3/16/63,319.8
3/23/63,320.34
3/30/63,320.29
4/6/63,320.38
4/13/63,320.96
4/20/63,322.05
4/27/63,321.92
5/11/63,321.97
5/18/63,322.28
5/25/63,322.27
6/1/63,322.32
6/8/63,322.09
6/15/63,321.83
6/22/63,320.88
6/29/63,320.49
7/6/63,320.12
7/13/63,319.82
7/20/63,319.56
7/27/63,319.06
8/3/63,318.6
8/10/63,318.27
8/17/63,317.73
8/24/63,317.12
8/31/63,316.44
9/7/63,316.81
9/14/63,315.99
9/21/63,316.03
9/28/63,315.93
10/5/63,316.28
10/12/63,315.65
10/19/63,316.14
10/26/63,316.36
11/2/63,316.63
11/9/63,316.83
11/16/63,317.13
11/30/63,317.56
12/7/63,318.07
12/14/63,318.27
12/21/63,318.59
12/28/63,318.74
1/4/64,319.04
1/11/64,319.49
1/18/64,319.88
5/30/64,322.07
6/6/64,322.06
6/27/64,321.57
7/4/64,321.14
7/11/64,319.95
7/18/64,320.28
7/25/64,320.02
8/1/64,319.14
8/15/64,318.61
8/22/64,318.23
8/29/64,318.11
9/5/64,317.48
9/12/64,316.57
9/19/64,315.59
9/26/64,317.01
10/3/64,316.93
10/10/64,316.51
10/17/64,316.86
10/24/64,317.05
10/31/64,317.65
11/7/64,317.77
11/14/64,317.65
11/21/64,317.52
11/28/64,318.11
12/5/64,318.42
12/12/64,318.58
12/19/64,318.93
12/26/64,318.91
1/2/65,319.08
1/9/65,319.17
1/16/65,319.16
1/23/65,319.79
1/30/65,320.12
2/6/65,320.2
2/13/65,320.16
2/20/65,320.7
2/27/65,320.89
3/6/65,321.07
3/13/65,320.98
3/20/65,320.49
3/27/65,321.4
4/3/65,321.95
4/10/65,322.27
4/17/65,322.17
4/24/65,321.86
5/1/65,322.46
5/8/65,322.22
5/15/65,321.94
5/22/65,321.69
5/29/65,322.26
6/5/65,321.87
6/12/65,321.77
6/19/65,321.77
6/26/65,321.99
7/3/65,321.97
7/10/65,321.85
7/17/65,321.76
7/24/65,320.47
7/31/65,319.49
8/7/65,319.47
8/14/65,318.02
8/21/65,318.82
8/28/65,318.73
9/4/65,318.39
9/11/65,318.05
9/18/65,318.26
9/25/65,316.85
10/2/65,316.6
10/9/65,317.26
10/16/65,317.86
10/23/65,317.56
10/30/65,317.63
11/6/65,318.3
11/13/65,319.26
11/20/65,318.99
11/27/65,319.17
12/4/65,319.09
12/11/65,319.37
12/18/65,319.39
12/25/65,319.7
1/1/66,319.69
1/8/66,320.49
1/15/66,320.63
1/22/66,321.09
1/29/66,321.16
2/5/66,321.26
2/12/66,321.75
2/19/66,321.67
2/26/66,321.8
3/5/66,322.1
3/12/66,322.14
3/19/66,322.57
3/26/66,322.86
4/2/66,323.55
4/9/66,323.62
4/16/66,323.88
4/23/66,323.91
4/30/66,323.53
5/7/66,324
5/14/66,324.1
5/21/66,323.72
5/28/66,324.31
6/4/66,324.02
6/11/66,323.88
6/18/66,323.75
6/25/66,323.32
7/2/66,322.82
7/9/66,322.9
8/6/66,321.31
8/13/66,320.85
8/20/66,319.16
8/27/66,319.64
9/3/66,319.94
9/10/66,318.22
9/17/66,318.46
9/24/66,318.31
10/1/66,317.9
10/8/66,317.9
10/15/66,318.21
10/22/66,318.61
10/29/66,318.39
11/12/66,319.59
11/19/66,320.03
11/26/66,320.24
12/3/66,320.8
12/10/66,320.87
12/17/66,321.16
12/24/66,321.31
12/31/66,321.37
1/7/67,321.92
1/14/67,322.93
2/4/67,322.19
2/11/67,322.23
2/18/67,322.86
2/25/67,322.6
3/4/67,322.94
3/11/67,322.6
3/18/67,323.33
3/25/67,323.24
4/1/67,323.15
4/8/67,324.21
4/15/67,324.41
4/22/67,324.6
4/29/67,325.16
5/6/67,325.26
5/13/67,324.78
5/20/67,325.09
5/27/67,324.94
6/3/67,324.95
6/10/67,324.65
6/17/67,323.31
6/24/67,323.5
7/1/67,322.89
7/8/67,322.85
7/15/67,322.45
7/22/67,322.4
7/29/67,322.04
8/5/67,321.65
8/12/67,321.4
8/19/67,320.48
8/26/67,320.01
9/2/67,320.07
9/9/67,319.43
9/16/67,319.35
9/23/67,319.03
9/30/67,318.81
10/7/67,318.88
10/14/67,319.86
10/21/67,319.47
10/28/67,319.86
11/4/67,320.01
11/11/67,320.34
11/18/67,320.91
11/25/67,321.54
12/2/67,321.4
12/9/67,321.89
12/16/67,322.29
12/23/67,321.98
12/30/67,322.3
1/6/68,322.46
1/13/68,322.5
1/20/68,322.59
1/27/68,322.83
2/3/68,322.66
2/10/68,323.17
2/17/68,323.46
2/24/68,323.18
3/2/68,323.15
3/9/68,323.85
3/16/68,323.85
3/23/68,324.21
3/30/68,324.77
4/6/68,324.79
4/13/68,325.04
4/20/68,324.84
4/27/68,325.45
5/4/68,325.63
5/11/68,325.09
5/18/68,325.52
5/25/68,325.86
6/1/68,325.67
6/8/68,325.71
6/15/68,325.56
6/22/68,324.99
6/29/68,324.63
7/6/68,324.7
7/13/68,324.13
7/20/68,323.94
7/27/68,323.4
8/3/68,322.49
8/10/68,322.27
8/17/68,322.02
8/24/68,321.74
8/31/68,321.42
9/7/68,320.44
9/14/68,321.18
9/21/68,319.78
9/28/68,319.89
10/5/68,320.57
10/12/68,320.52
10/19/68,320.26
10/26/68,319.92
11/2/68,320.7
11/9/68,320.89
11/16/68,321.4
11/23/68,321.78
11/30/68,322.06
12/7/68,322.44
12/14/68,322.91
12/21/68,323.33
12/28/68,323.19
1/4/69,323.39
1/11/69,324.06
1/18/69,324.36
1/25/69,324.14
2/1/69,324.16
2/8/69,323.92
2/15/69,324.37
2/22/69,324.86
3/1/69,325.14
3/8/69,325.58
3/15/69,325.72
3/22/69,325.96
3/29/69,325.89
4/5/69,326.27
4/12/69,327.13
4/19/69,326.58
4/26/69,326.57
5/3/69,327.52
5/10/69,327.82
5/17/69,326.86
5/24/69,326.92
5/31/69,327.43
6/7/69,326.51
6/14/69,326.78
6/21/69,326.73
6/28/69,326.37
7/5/69,326.16
7/12/69,326.07
7/19/69,325.72
7/26/69,325.47
8/2/69,324.5
8/9/69,324.56
8/16/69,323.14
8/23/69,322.56
8/30/69,323.14
9/6/69,322.21
9/13/69,322.79
9/20/69,322.84
9/27/69,321.96
10/4/69,321.5
10/11/69,321.82
10/18/69,322
10/25/69,321.93
11/1/69,322.21
11/8/69,322.64
11/15/69,322.78
11/22/69,323.1
11/29/69,323.52
12/6/69,323.91
12/13/69,323.99
12/20/69,324.22
12/27/69,324.5
1/3/70,324.7
1/10/70,325.4
1/17/70,325.05
1/24/70,324.8
1/31/70,325.55
2/7/70,325.7
2/14/70,326.02
2/21/70,326.32
2/28/70,326.17
3/7/70,326.85
3/14/70,326.8
3/21/70,327.51
3/28/70,326.95
4/4/70,328.2
4/11/70,327.84
4/18/70,327.81
4/25/70,328.55
5/2/70,327.99
5/9/70,327.56
5/16/70,328.03
5/23/70,328.33
5/30/70,327.98
6/6/70,327.55
6/13/70,327.86
6/20/70,327.71
6/27/70,327.23
7/4/70,327.29
7/11/70,326.24
7/18/70,326.28
7/25/70,325.63
8/1/70,325.24
8/8/70,325.21
8/15/70,324.86
8/22/70,324.84
8/29/70,323.33
9/5/70,322.97
9/12/70,323.58
9/19/70,323.18
9/26/70,323.15
10/3/70,323.21
10/10/70,323.56
10/17/70,322.92
10/24/70,323.02
10/31/70,323.18
11/7/70,323.69
11/14/70,323.76
11/21/70,324.23
11/28/70,324.71
12/5/70,324.73
12/12/70,325
12/19/70,325.29
12/26/70,325.58
1/2/71,325.77
1/9/71,325.89
1/16/71,325.9
1/23/71,326.72
1/30/71,326.68
2/6/71,326.55
2/13/71,326.49
2/20/71,326.79
2/27/71,327.05
3/6/71,327.15
3/13/71,327.34
3/20/71,327.08
3/27/71,327.45
4/3/71,327.44
4/10/71,327.1
4/17/71,327.71
4/24/71,328.56
5/1/71,328.2
5/8/71,329.07
5/15/71,329.28
5/22/71,328.92
5/29/71,328.81
6/5/71,328.56
6/12/71,328.8
6/19/71,328.18
6/26/71,328.52
7/3/71,327.92
7/10/71,327.88
7/17/71,327.55
7/24/71,326.21
7/31/71,326.74
8/7/71,326.12
8/14/71,325.61
8/21/71,325.39
8/28/71,324.04
9/4/71,323.65
9/11/71,323.51
9/18/71,323.26
9/25/71,323.3
10/2/71,323.32
10/9/71,322.95
10/16/71,323.52
10/23/71,323.69
10/30/71,324.4
11/6/71,324.36
11/13/71,324.53
11/20/71,325.04
11/27/71,325.51
12/4/71,325.38
12/11/71,325.93
12/18/71,326.28
12/25/71,326.35
1/1/72,326.61
1/8/72,326.67
1/15/72,326.62
1/22/72,326.68
1/29/72,327.24
2/5/72,327.4
2/12/72,327.95
2/19/72,327.83
2/26/72,327.42
3/4/72,327.58
3/11/72,327.16
3/18/72,327.78
3/25/72,328.62
4/1/72,328.97
4/8/72,329.47
4/15/72,329.83
4/22/72,330.13
4/29/72,330.02
5/6/72,330.04
5/13/72,329.75
5/20/72,330.11
5/27/72,330.21
6/3/72,329.71
6/10/72,329.15
6/17/72,329.04
6/24/72,328.52
7/1/72,328.63
7/8/72,328.3
7/15/72,327.72
7/22/72,328.14
7/29/72,327.51
8/5/72,326.92
8/12/72,326.66
8/19/72,326.57
8/26/72,325.05
9/2/72,325.4
9/9/72,325.77
9/16/72,324.81
9/23/72,324.26
9/30/72,324.23
10/7/72,324.88
10/14/72,325.52
10/21/72,325.11
10/28/72,325.86
11/4/72,326.32
11/11/72,326.13
11/18/72,326.44
11/25/72,326.98
12/2/72,326.94
12/9/72,327.16
12/16/72,327.6
12/23/72,327.91
12/30/72,328.26
1/6/73,328.4
1/13/73,328.44
1/20/73,328.66
1/27/73,328.86
2/3/73,329.19
2/10/73,329.53
2/17/73,329.67
2/24/73,329.7
3/3/73,329.95
3/10/73,330.11
3/17/73,330.55
3/24/73,330.83
3/31/73,330.68
4/7/73,331.22
4/14/73,331.1
4/21/73,331.94
4/28/73,332.16
5/5/73,332.21
5/12/73,332.35
5/19/73,332.63
5/26/73,332.58
6/2/73,332.27
6/9/73,332.58
6/16/73,332.02
6/23/73,331.63
6/30/73,331.43
7/7/73,331.53
7/14/73,331.07
7/21/73,330.08
7/28/73,330.13
8/4/73,330.05
8/11/73,329.54
8/18/73,329.36
8/25/73,328.53
9/1/73,328.45
9/8/73,327.65
9/15/73,327.81
9/22/73,327.1
9/29/73,326.6
10/6/73,327.05
10/13/73,327.4
10/20/73,327.48
10/27/73,327.18
11/3/73,327.59
11/10/73,328.02
11/17/73,328.2
11/24/73,328.57
12/1/73,329.05
12/8/73,328.7
12/15/73,328.65
12/22/73,328.24
12/29/73,328.71
1/5/74,328.91
1/12/74,329.29
1/19/74,329.41
1/26/74,329.85
2/2/74,330.54
2/9/74,330.81
2/16/74,330.61
2/23/74,330.68
3/2/74,330.79
3/9/74,331.2
3/16/74,332.11
3/23/74,332
3/30/74,331.56
4/6/74,332.47
4/13/74,332.14
4/20/74,332.93
4/27/74,333.17
5/4/74,332.95
5/11/74,333.09
5/18/74,333.27
5/25/74,332.87
6/1/74,332.93
6/8/74,332.03
6/15/74,332.03
6/22/74,332.26
6/29/74,331.73
7/6/74,331.73
7/13/74,331.29
7/20/74,330.47
7/27/74,331.02
8/3/74,330.09
8/10/74,329.92
8/17/74,329.29
8/24/74,328.97
8/31/74,328.19
9/7/74,328.03
9/14/74,327.35
9/21/74,326.91
9/28/74,327.38
10/5/74,327.39
10/12/74,327.06
10/19/74,327.56
10/26/74,327.7
11/2/74,327.99
11/9/74,328.09
11/16/74,328.83
11/23/74,328.65
11/30/74,328.75
12/7/74,329.5
12/14/74,329.73
12/21/74,329.82
12/28/74,329.78
1/4/75,329.93
1/11/75,329.82
1/18/75,330.27
1/25/75,331.13
2/1/75,331.18
2/8/75,331.47
2/15/75,331
2/22/75,331.72
3/1/75,331.88
3/8/75,331.61
3/15/75,331.96
3/22/75,332.27
3/29/75,332.58
4/5/75,333.03
4/12/75,333.58
4/19/75,333.54
4/26/75,333.13
5/3/75,333.94
5/10/75,333.93
5/17/75,333.76
5/24/75,333.73
5/31/75,334.13
6/7/75,333.87
6/14/75,333.38
6/21/75,333.45
6/28/75,333.19
7/5/75,332.71
7/12/75,332.05
7/19/75,331.05
7/26/75,331.57
8/2/75,330.83
8/9/75,330.7
8/16/75,330.35
8/23/75,329.3
8/30/75,328.88
9/6/75,329.45
9/13/75,328.52
9/20/75,328.09
9/27/75,328.28
10/4/75,328.03
10/11/75,328.05
10/18/75,328.57
10/25/75,328.81
11/1/75,329.35
11/8/75,329.2
11/15/75,329.17
11/22/75,329.54
11/29/75,330.14
12/6/75,330.35
12/13/75,330.54
12/20/75,331.13
12/27/75,331.29
1/3/76,331.57
1/10/76,331.51
1/17/76,331.74
1/24/76,331.87
1/31/76,332.28
2/7/76,332.19
2/14/76,332.52
2/21/76,333.26
2/28/76,332.48
3/6/76,332.81
3/13/76,333.6
3/20/76,333.14
3/27/76,334.39
4/3/76,334.73
4/10/76,334.26
4/17/76,334.42
4/24/76,334.54
5/1/76,334.74
5/8/76,334.33
5/15/76,334.6
5/22/76,335.43
5/29/76,334.87
6/5/76,334.36
6/12/76,334.63
6/19/76,334.32
7/3/76,333.66
7/10/76,333.42
7/17/76,332.85
7/24/76,332.47
7/31/76,332.13
8/7/76,331.72
8/14/76,330.65
8/21/76,330.69
8/28/76,330.09
9/4/76,329.75
9/11/76,330.09
9/18/76,329.33
9/25/76,328.42
10/2/76,328.85
10/9/76,329.06
10/16/76,329.6
10/23/76,329.17
10/30/76,329.03
11/6/76,329.84
11/13/76,330.43
11/20/76,330.59
11/27/76,330.7
12/4/76,331.15
12/11/76,331.33
12/18/76,331.92
12/25/76,332.2
1/1/77,332.58
1/8/77,332.43
1/15/77,333.14
1/22/77,333.24
1/29/77,333.22
2/5/77,333.41
2/12/77,333.33
2/19/77,333.45
2/26/77,333.63
3/5/77,334.1
3/12/77,334.67
3/19/77,335.11
3/26/77,335.02
4/2/77,335.53
4/9/77,335.94
4/16/77,336.01
4/23/77,336.12
4/30/77,336.78
5/7/77,336.8
5/14/77,336.47
5/21/77,336.84
5/28/77,336.72
6/4/77,336.49
6/11/77,336.31
6/18/77,336.19
6/25/77,336.03
7/2/77,335.59
7/9/77,335.1
7/16/77,335.11
7/23/77,334.6
7/30/77,333.76
8/6/77,333.01
8/13/77,332.98
8/20/77,332.84
8/27/77,332.85
9/3/77,332.17
9/10/77,331.21
9/17/77,332.1
9/24/77,330.96
10/1/77,330.45
10/8/77,330.95
10/15/77,331.52
10/22/77,331.52
10/29/77,331.74
11/5/77,332.13
11/12/77,332.03
11/19/77,332.59
11/26/77,332.85
12/3/77,333.2
12/10/77,333.51
12/17/77,333.85
12/24/77,334.25
12/31/77,334.67
1/7/78,334.27
1/14/78,334.63
1/21/78,335.46
1/28/78,335.94
2/4/78,335
2/11/78,335.13
2/18/78,335.66
2/25/78,335.7
3/4/78,336.27
3/11/78,336.1
3/18/78,336.8
3/25/78,337.39
4/1/78,337.08
4/8/78,337.99
4/15/78,337.94
4/22/78,337.47
4/29/78,338.05
5/6/78,338.07
5/13/78,338.1
5/20/78,337.82
5/27/78,337.9
6/3/78,338.48
6/10/78,338.23
6/17/78,337.86
6/24/78,337.39
7/1/78,337.69
7/8/78,336.79
7/15/78,336.72
7/22/78,335.95
7/29/78,335.69
8/5/78,335.17
8/12/78,334.84
8/19/78,334.41
8/26/78,334.37
9/2/78,333.88
9/9/78,332.88
9/16/78,332.19
9/23/78,332.38
9/30/78,332.76
10/7/78,332.1
10/14/78,332.45
10/21/78,333.02
10/28/78,333.18
11/4/78,333.58
11/11/78,333.85
11/18/78,333.88
11/25/78,334.2
12/2/78,334.52
12/9/78,334.8
12/16/78,335.15
12/23/78,335.12
12/30/78,335.32
1/6/79,335.36
1/13/79,335.97
1/20/79,336.85
1/27/79,336.95
2/3/79,336.9
2/10/79,336.54
2/17/79,336.71
2/24/79,336.79
3/3/79,337.12
3/10/79,337.79
3/17/79,337.43
3/24/79,339.02
3/31/79,338.8
4/7/79,338.17
4/14/79,338.66
4/21/79,339.25
4/28/79,339.6
5/5/79,339.3
5/12/79,338.88
5/19/79,339.86
5/26/79,339.62
6/2/79,339.93
6/9/79,339.52
6/16/79,338.9
6/23/79,338.95
6/30/79,339
7/7/79,338.28
7/14/79,337.82
7/21/79,337.37
7/28/79,336.84
8/4/79,337.03
8/11/79,336.59
8/18/79,336.17
8/25/79,334.56
9/1/79,334.45
9/8/79,334
9/15/79,334.21
9/22/79,333.28
9/29/79,334.11
10/6/79,334.1
10/13/79,333.97
10/20/79,333.74
10/27/79,334.16
11/3/79,334.73
11/10/79,334.86
11/17/79,335.59
11/24/79,335.68
12/1/79,335.99
12/8/79,336.5
12/15/79,336.77
12/22/79,336.88
12/29/79,337.4
1/5/80,337.67
1/12/80,337.48
1/19/80,338.38
1/26/80,338.49
2/2/80,338.05
2/9/80,338.14
2/16/80,338.68
2/23/80,338.26
3/1/80,339.31
3/8/80,339.54
3/15/80,340.02
3/22/80,340.54
3/29/80,341.01
4/5/80,340.41
4/12/80,340.95
4/19/80,340.75
4/26/80,341.06
5/3/80,341.52
5/10/80,341.3
5/17/80,341.38
5/24/80,340.92
5/31/80,341.72
6/7/80,341.38
6/14/80,341.39
6/21/80,340.87
6/28/80,340.4
7/5/80,340.44
7/12/80,339.78
7/19/80,338.51
7/26/80,338.92
8/2/80,337.98
8/9/80,337.77
8/16/80,337.75
8/23/80,337.79
8/30/80,337.01
9/6/80,336.65
9/13/80,335.75
9/20/80,335.28
9/27/80,336.03
10/4/80,335.83
10/11/80,335.87
10/18/80,336.1
10/25/80,336.42
11/1/80,336.65
11/8/80,336.98
11/15/80,337.14
11/22/80,337.31
11/29/80,337.41
12/6/80,337.77
12/13/80,338.1
12/20/80,338.39
12/27/80,338.72
1/3/81,338.94
1/10/81,339.13
1/17/81,339.39
1/24/81,339.36
1/31/81,339.55
2/7/81,340.57
2/14/81,340.04
2/21/81,340.2
2/28/81,341.11
3/7/81,340.73
3/14/81,341.04
3/21/81,341.89
3/28/81,342.19
4/4/81,342.42
4/11/81,342.49
4/18/81,342.78
4/25/81,342.3
5/2/81,342.95
5/9/81,343
5/16/81,342.8
5/23/81,342.7
5/30/81,342.75
6/6/81,342.64
6/13/81,342.54
6/20/81,341.81
6/27/81,341.64
7/4/81,341.05
7/11/81,340.87
7/18/81,339.76
7/25/81,340.21
8/1/81,339.56
8/8/81,338.92
8/15/81,338.48
8/22/81,337.57
8/29/81,337.73
9/5/81,337.2
9/12/81,337.03
9/19/81,336.75
9/26/81,335.95
10/3/81,336.3
10/10/81,336.65
10/17/81,337.13
10/24/81,337.22
10/31/81,337.56
11/7/81,337.87
11/14/81,338.14
11/21/81,338.57
11/28/81,339.3
12/5/81,339.29
12/12/81,339.41
12/19/81,339.65
12/26/81,340.23
1/2/82,340.28
1/9/82,340.39
1/16/82,340.72
1/23/82,341.13
1/30/82,341.29
2/6/82,341.94
2/13/82,341.11
2/20/82,341.14
2/27/82,342.19
3/6/82,342.66
3/13/82,342.61
3/20/82,342.78
3/27/82,342.81
4/3/82,342.96
4/10/82,343.3
4/17/82,343.5
4/24/82,344.29
5/1/82,343.83
5/8/82,343.68
5/15/82,344.29
5/22/82,344.1
5/29/82,344.1
6/5/82,343.48
6/12/82,343.5
6/19/82,343.46
6/26/82,342.91
7/3/82,342.53
7/10/82,342.03
7/17/82,342.02
7/24/82,341.81
7/31/82,341.31
8/7/82,340.57
8/14/82,340.06
8/21/82,339.71
8/28/82,338.32
9/4/82,338.88
9/11/82,338.61
9/18/82,337.84
9/25/82,336.92
10/2/82,337.32
10/9/82,338.09
10/16/82,337.6
10/23/82,337.94
10/30/82,338.7
11/6/82,338.49
11/13/82,339.2
11/20/82,339.72
11/27/82,339.88
12/4/82,339.86
12/11/82,340.43
12/18/82,340.71
12/25/82,340.82
1/1/83,340.94
1/8/83,341.44
1/15/83,341.57
1/22/83,341.25
1/29/83,341.72
2/5/83,342
2/12/83,342.77
2/19/83,342.5
2/26/83,342.84
3/5/83,342.38
3/12/83,342.58
3/19/83,344.06
3/26/83,343.81
4/2/83,344.02
4/9/83,344.89
4/16/83,345.07
4/23/83,345.32
4/30/83,345.46
5/7/83,345.43
5/14/83,345.77
5/21/83,345.85
5/28/83,345.76
6/4/83,345.68
6/11/83,345.6
6/18/83,345.04
6/25/83,344.97
7/2/83,344.74
7/9/83,344.59
7/16/83,343.73
7/23/83,343.66
7/30/83,342.6
8/6/83,343.05
8/13/83,341.7
8/20/83,342.14
8/27/83,341.8
9/3/83,339.94
9/10/83,339.99
9/17/83,339.86
9/24/83,339.98
10/1/83,339.87
10/8/83,339.76
10/15/83,340.12
10/22/83,340.25
10/29/83,340.37
11/5/83,340.8
11/12/83,341
11/19/83,341.18
11/26/83,341.7
12/3/83,341.87
12/10/83,342.85
12/17/83,343.39
12/24/83,343.61
12/31/83,343.47
1/7/84,343.78
1/14/84,343.47
1/21/84,343.5
1/28/84,344.16
2/4/84,344.35
2/11/84,344.57
2/18/84,344.33
2/25/84,344.69
3/3/84,344.88
3/10/84,344.95
3/17/84,345.45
3/24/84,345.69
4/28/84,347.47
5/5/84,347.49
5/12/84,347.78
5/19/84,347.36
5/26/84,347.03
6/2/84,347.09
6/9/84,347.02
6/16/84,346.89
6/23/84,346.37
6/30/84,346.24
7/7/84,345.82
7/14/84,345.48
7/21/84,345.25
7/28/84,344.48
8/4/84,344.05
8/11/84,344.12
8/18/84,343.19
8/25/84,342.05
9/1/84,341.65
9/8/84,340.65
9/15/84,341.37
9/22/84,341.31
9/29/84,340.85
10/6/84,341.19
10/13/84,341.3
10/20/84,341.91
10/27/84,341.67
11/3/84,342.01
11/10/84,342.65
11/17/84,343.14
11/24/84,343.75
12/1/84,343.6
12/8/84,343.95
12/15/84,344.23
12/22/84,344.58
12/29/84,344.57
1/5/85,344.77
1/12/85,345.01
1/19/85,345.01
1/26/85,345.08
2/2/85,345.95
2/9/85,345.54
2/16/85,345.82
2/23/85,346.37
3/2/85,346.77
3/9/85,347.11
3/16/85,347.58
3/23/85,347.7
3/30/85,348.27
4/6/85,348.04
4/13/85,348.08
4/20/85,348.52
4/27/85,348.84
5/4/85,348.89
5/11/85,349.31
5/18/85,349.18
5/25/85,348.18
6/1/85,349.05
6/8/85,348.49
6/15/85,348.24
6/22/85,347.9
6/29/85,347.47
7/6/85,346.9
7/13/85,346.8
7/20/85,346.43
7/27/85,345.79
8/10/85,344.7
8/17/85,344.5
8/24/85,344.38
8/31/85,343.76
9/7/85,344.29
9/14/85,343.37
9/21/85,342.46
9/28/85,342.13
10/5/85,342.4
10/12/85,342.5
10/19/85,343.14
10/26/85,343.22
11/2/85,343.38
11/9/85,343.77
11/16/85,344.25
11/23/85,344.64
11/30/85,345.3
12/7/85,345.37
12/14/85,345.67
12/21/85,345.17
12/28/85,346.3
1/4/86,346.44
1/11/86,346.09
1/18/86,346.25
1/25/86,346.46
2/1/86,346.22
2/8/86,346.84
2/15/86,347.18
2/22/86,347.2
3/1/86,347.07
3/8/86,346.65
3/15/86,347.22
3/22/86,349.15
3/29/86,348.87
4/5/86,349.21
4/12/86,349.45
4/19/86,349.34
4/26/86,350.2
5/3/86,349.99
5/10/86,350.14
5/17/86,350.23
5/24/86,350.13
5/31/86,350.18
6/7/86,349.73
6/14/86,349.54
6/21/86,349.48
6/28/86,348.92
7/5/86,348.69
7/12/86,347.77
7/19/86,347.61
7/26/86,347.41
8/2/86,346.65
8/9/86,346.23
8/16/86,345.59
8/23/86,345.62
8/30/86,345.27
9/6/86,345.05
9/13/86,345.32
9/20/86,344.43
9/27/86,344.51
10/4/86,343.99
10/11/86,344.11
10/18/86,343.99
10/25/86,344.57
11/1/86,345.17
11/8/86,345.35
11/15/86,345.63
11/22/86,345.72
11/29/86,346.41
12/6/86,346.92
12/13/86,346.77
12/20/86,346.97
12/27/86,347.08
1/3/87,347.62
1/10/87,348.37
1/17/87,348.27
1/24/87,347.96
1/31/87,348.03
2/7/87,347.91
2/14/87,348.25
2/21/87,348.54
2/28/87,349.47
3/7/87,348.85
3/14/87,349.27
3/21/87,349.79
3/28/87,350.2
4/4/87,350.82
4/11/87,350.27
4/18/87,351.19
4/25/87,351.39
5/2/87,351.43
5/9/87,352
5/16/87,351.73
5/23/87,351.91
5/30/87,351.78
6/6/87,351.65
6/13/87,351.17
6/20/87,351
6/27/87,350.94
7/4/87,349.76
7/11/87,349.84
7/18/87,348.87
7/25/87,349.51
8/1/87,349.04
8/8/87,348.15
8/15/87,348.62
8/22/87,348.01
8/29/87,346.71
9/5/87,347.05
9/12/87,346.65
9/19/87,346.29
9/26/87,345.85
10/3/87,345.77
10/10/87,346.34
10/17/87,346.59
10/24/87,346.8
10/31/87,346.91
11/7/87,347.34
11/14/87,347.65
11/21/87,348.16
11/28/87,348.75
12/5/87,348.66
12/12/87,348.82
12/19/87,349.12
12/26/87,349.29
1/2/88,349.78
1/9/88,350.28
1/16/88,350.21
1/23/88,350.79
1/30/88,351.22
2/6/88,351.81
2/13/88,351.31
2/20/88,351.53
2/27/88,352.55
3/5/88,352.88
3/12/88,351.88
3/19/88,351.78
3/26/88,352.23
4/2/88,353.13
4/9/88,353.57
4/16/88,353.15
4/23/88,354
4/30/88,354.23
5/7/88,353.76
5/14/88,354.3
5/21/88,354.52
5/28/88,354.2
6/4/88,354.18
6/11/88,354.2
6/18/88,353.61
6/25/88,353.19
7/2/88,353.08
7/9/88,352.56
7/16/88,352.65
7/23/88,351.96
7/30/88,351.13
8/6/88,350.95
8/13/88,350.3
8/20/88,350.49
8/27/88,349.61
9/3/88,349.38
9/10/88,348.73
9/17/88,348.95
9/24/88,348.19
10/1/88,348.82
10/8/88,348.88
10/15/88,348.68
10/22/88,349.42
10/29/88,349.29
11/5/88,349.78
11/12/88,349.89
11/19/88,350.18
11/26/88,350.48
12/3/88,350.5
12/10/88,351.02
12/17/88,351.6
12/24/88,351.36
12/31/88,352.4
1/7/89,352.77
1/14/89,352.97
1/21/89,352.51
1/28/89,353.06
2/4/89,352.83
2/11/89,352.64
2/18/89,353.22
2/25/89,353.48
3/4/89,353.17
3/11/89,353.46
3/18/89,353.55
3/25/89,354.48
4/1/89,354.56
4/8/89,355.05
4/15/89,355.41
4/22/89,356.01
4/29/89,355.9
5/6/89,355.36
5/13/89,355.82
5/20/89,355.64
5/27/89,355.76
6/3/89,355.8
6/10/89,355.09
6/17/89,354.87
6/24/89,354.9
7/1/89,354.5
7/8/89,354.76
7/15/89,353.85
7/22/89,353.19
7/29/89,353.21
8/5/89,352.62
8/12/89,352.24
8/19/89,351.16
8/26/89,350.43
9/2/89,350.79
9/9/89,350.28
9/16/89,349.41
9/23/89,349.31
9/30/89,349.71
10/7/89,349.97
10/14/89,349.74
10/21/89,350.24
10/28/89,350.47
11/4/89,350.66
11/11/89,351.29
11/18/89,351.6
11/25/89,351.46
12/2/89,352.09
12/9/89,352.16
12/16/89,352.48
12/23/89,352.59
12/30/89,353.44
1/6/90,353.47
1/13/90,353.55
1/20/90,353.8
1/27/90,353.96
2/3/90,354.13
2/10/90,355.02
2/17/90,354.87
2/24/90,354.78
3/3/90,355.72
3/10/90,354.99
3/17/90,355.84
3/24/90,355.17
3/31/90,355.95
4/7/90,356.17
4/14/90,355.9
4/21/90,356.68
4/28/90,356.18
5/5/90,357.3
5/12/90,357.09
5/19/90,356.99
5/26/90,357.13
6/2/90,357.01
6/9/90,356.63
6/16/90,355.68
6/23/90,355.53
6/30/90,355.79
7/7/90,355.51
7/14/90,354
7/21/90,354.59
7/28/90,354.72
8/4/90,353.56
8/11/90,353.23
8/18/90,352.92
8/25/90,352.01
9/1/90,350.99
9/8/90,350.75
9/15/90,351.33
9/22/90,350.97
9/29/90,350.92
10/6/90,351.1
10/13/90,351.08
10/20/90,351.48
10/27/90,351.47
11/3/90,352.12
11/10/90,352.62
11/17/90,353.05
11/24/90,353.18
12/1/90,353.61
12/8/90,354.07
12/15/90,353.87
12/22/90,354.51
12/29/90,354.89
1/5/91,354.28
1/12/91,354.73
1/19/91,354.86
1/26/91,355.05
2/2/91,355.22
2/9/91,355.23
2/16/91,356.4
2/23/91,355.83
3/2/91,356.41
3/9/91,357.21
3/16/91,357.69
3/23/91,356.96
3/30/91,357.94
4/6/91,358.32
4/13/91,357.83
4/20/91,359.19
4/27/91,359.24
5/4/91,359.11
5/11/91,358.94
5/18/91,360.03
5/25/91,359.08
6/1/91,358.52
6/8/91,358.46
6/15/91,358.22
6/22/91,358.12
6/29/91,357.74
7/6/91,357.27
7/13/91,356.54
7/20/91,355.26
7/27/91,355.3
8/3/91,354.89
8/10/91,354.6
8/17/91,353.78
8/24/91,353.07
8/31/91,353.22
9/7/91,353.06
9/14/91,352.12
9/21/91,351.84
9/28/91,351.69
10/5/91,351.7
10/12/91,352.18
10/19/91,352.53
10/26/91,352.72
11/2/91,353.47
11/9/91,353.76
11/16/91,353.56
11/23/91,353.86
11/30/91,354.35
12/7/91,354.54
12/14/91,354.97
12/21/91,355.22
12/28/91,355.5
1/4/92,355.69
1/11/92,356.07
1/18/92,356.19
1/25/92,355.96
2/1/92,356.05
2/8/92,356.73
2/15/92,357.33
2/22/92,356.99
2/29/92,356.58
3/7/92,357.3
3/14/92,357.8
3/21/92,358.18
3/28/92,358.42
4/4/92,358.57
4/11/92,358.99
4/18/92,359.75
4/25/92,359.25
5/2/92,359.69
5/9/92,359.73
5/16/92,358.6
5/23/92,359.65
5/30/92,360.25
6/6/92,360.03
6/13/92,359.48
6/20/92,358.75
6/27/92,358.45
7/4/92,358.47
7/11/92,357.2
7/18/92,356.37
7/25/92,356.1
8/1/92,354.99
8/8/92,355.33
8/15/92,355.32
8/22/92,354.59
8/29/92,354.34
9/5/92,353.53
9/12/92,353.66
9/19/92,352.37
9/26/92,352.75
10/3/92,353.6
10/10/92,353.38
10/17/92,353.24
10/24/92,353.51
10/31/92,353.56
11/7/92,353.99
11/14/92,353.86
11/21/92,354.57
11/28/92,354.64
12/5/92,354.85
12/12/92,355.37
12/19/92,355.46
12/26/92,355.97
1/2/93,356.29
1/9/93,356.96
1/16/93,356.72
1/23/93,356.66
1/30/93,357.03
2/6/93,356.62
2/13/93,357.23
2/20/93,357.36
2/27/93,357.68
3/6/93,358.39
3/13/93,358.52
3/20/93,358.13
3/27/93,358.85
4/3/93,359.17
4/10/93,358.87
4/17/93,359.42
4/24/93,360.03
5/1/93,359.62
5/8/93,359.78
5/15/93,360.7
5/22/93,360.62
5/29/93,360.35
6/5/93,359.79
6/12/93,359.92
6/19/93,359.34
6/26/93,359.15
7/3/93,357.91
7/10/93,358.02
7/17/93,358.1
7/24/93,356.69
7/31/93,356.52
8/7/93,355.88
8/14/93,355.95
8/21/93,354.9
8/28/93,354.72
9/4/93,354.3
9/11/93,353.23
9/18/93,353.81
9/25/93,353.86
10/2/93,353.8
10/9/93,353.87
10/16/93,354
10/23/93,354.45
10/30/93,354.38
11/6/93,354.78
11/13/93,355.16
11/20/93,355.65
11/27/93,356.03
12/4/93,356.27
12/11/93,356.52
12/18/93,356.99
12/25/93,357.5
1/1/94,358.14
1/8/94,358.12
1/15/94,358.43
1/22/94,358.33
1/29/94,358.78
2/5/94,358.49
2/12/94,358.61
2/19/94,359.02
2/26/94,359.64
3/5/94,358.77
3/12/94,359.86
3/19/94,360.49
3/26/94,360.83
4/2/94,360.68
4/9/94,361.01
4/16/94,361.07
4/23/94,361.34
4/30/94,362.25
5/7/94,361.63
5/14/94,361.42
5/21/94,361.78
5/28/94,361.91
6/4/94,361.04
6/11/94,361.07
6/18/94,360.93
6/25/94,360.7
7/2/94,360.22
7/9/94,359.9
7/16/94,359.43
7/23/94,359
7/30/94,358.81
8/6/94,358.1
8/13/94,357.52
8/20/94,357.63
8/27/94,356.39
9/3/94,356.44
9/10/94,356.46
9/17/94,355.46
9/24/94,355.5
10/1/94,355.46
10/8/94,355.81
10/15/94,356.09
10/22/94,356.39
10/29/94,356.61
11/5/94,356.97
11/12/94,357.4
11/19/94,357.93
11/26/94,358.11
12/3/94,358.43
12/10/94,359.13
12/17/94,359.25
12/24/94,359.15
12/31/94,359.52
1/7/95,359.68
1/14/95,360.28
1/21/95,360.12
1/28/95,360.04
2/4/95,360.67
2/11/95,361.09
2/18/95,360.88
2/25/95,361.36
3/4/95,362.2
3/11/95,361.24
3/18/95,360.99
3/25/95,362
4/1/95,363.8
4/8/95,363.44
4/15/95,363.34
4/22/95,362.89
4/29/95,363.58
5/6/95,363.24
5/13/95,364.11
5/20/95,364.18
5/27/95,363.47
6/3/95,363.92
6/10/95,363.47
6/17/95,362.96
6/24/95,362.81
7/1/95,362.53
7/8/95,362.27
7/15/95,361.97
7/22/95,361.58
7/29/95,360.98
8/5/95,360.45
8/12/95,359.21
8/19/95,358.72
8/26/95,359.29
9/2/95,357.37
9/9/95,358.5
9/16/95,358.58
9/23/95,358.2
9/30/95,357.56
10/7/95,357.65
10/14/95,357.6
10/21/95,358.04
10/28/95,358.23
11/4/95,359.19
11/11/95,359.43
11/18/95,359.69
11/25/95,359.87
12/2/95,360.13
12/9/95,360.43
12/16/95,360.53
12/23/95,360.89
12/30/95,361.73
1/6/96,361.81
1/13/96,362.06
1/20/96,362.17
1/27/96,362.23
2/3/96,362.68
2/10/96,363.12
2/17/96,363.01
2/24/96,364.03
3/2/96,363.84
3/9/96,363.66
3/16/96,364.1
3/23/96,364.53
3/30/96,364.35
4/6/96,364.57
4/13/96,364.89
4/20/96,364.4
4/27/96,365.13
5/4/96,364.92
5/11/96,365.37
5/18/96,365.74
5/25/96,365.43
6/1/96,364.86
6/8/96,365.19
6/15/96,365.27
6/22/96,365
6/29/96,364.3
7/6/96,364.19
7/13/96,363.75
7/20/96,363.38
7/27/96,362.84
8/3/96,361.78
8/10/96,362.1
8/17/96,361.29
8/24/96,360.85
8/31/96,360.82
9/7/96,359.86
9/14/96,359.82
9/21/96,359.09
9/28/96,359.04
10/5/96,359.45
10/12/96,359.52
10/19/96,359.86
10/26/96,359.87
11/2/96,359.94
11/9/96,360.52
11/16/96,360.79
11/23/96,361.24
11/30/96,361.4
12/7/96,361.97
12/14/96,362.68
12/21/96,362.47
12/28/96,362.62
1/4/97,362.95
1/11/97,363
1/18/97,363.16
1/25/97,363.51
2/1/97,363.28
2/8/97,364.19
2/15/97,364.02
2/22/97,364.24
3/1/97,364.5
3/8/97,364.16
3/15/97,364.19
3/22/97,364.75
3/29/97,365.43
4/5/97,365.8
4/12/97,366.25
4/19/97,366.69
4/26/97,366.79
5/3/97,366.76
5/10/97,366.8
5/17/97,367.03
5/24/97,366.61
5/31/97,366.36
6/7/97,365.71
6/14/97,365.61
6/21/97,365.53
6/28/97,365.16
7/5/97,365.09
7/12/97,364.67
7/19/97,364.11
7/26/97,363.8
8/2/97,363.39
8/9/97,363.36
8/16/97,362.63
8/23/97,361.51
8/30/97,361.66
9/6/97,360.69
9/13/97,360.26
9/20/97,360.08
9/27/97,359.81
10/4/97,360.54
10/11/97,360.49
10/18/97,361.07
10/25/97,361.13
11/1/97,361.71
11/8/97,362.19
11/15/97,362.06
11/22/97,362.65
11/29/97,363.51
12/6/97,363.97
12/13/97,363.95
12/20/97,364.27
12/27/97,365.09
1/3/98,365.24
1/10/98,365.3
1/17/98,365.35
1/24/98,365.38
1/31/98,365.69
2/7/98,366.06
2/14/98,365.52
2/21/98,366.08
2/28/98,367.36
3/7/98,367.02
3/14/98,366.66
3/21/98,367.49
3/28/98,368.57
4/4/98,368.69
4/11/98,368.68
4/18/98,368.05
4/25/98,368.9
5/2/98,369.17
5/9/98,368.83
5/16/98,368.51
5/23/98,369.66
5/30/98,369.7
6/6/98,369.41
6/13/98,368.88
6/20/98,368.54
6/27/98,368.36
7/4/98,368.05
7/11/98,367.54
7/18/98,367.67
7/25/98,367.36
8/1/98,366.88
8/8/98,366.46
8/15/98,365.64
8/22/98,365.63
8/29/98,364.25
9/5/98,364.74
9/12/98,363.96
9/19/98,363.5
9/26/98,363.6
10/3/98,364.01
10/10/98,364.17
10/17/98,364.46
10/24/98,364.49
10/31/98,364.7
11/7/98,365.05
11/14/98,365.48
11/21/98,365.8
11/28/98,366
12/5/98,366.46
12/12/98,366.74
12/19/98,367.3
12/26/98,367.38
1/2/99,367.58
1/9/99,367.87
1/16/99,367.8
1/23/99,368.33
1/30/99,369.25
2/6/99,369.19
2/13/99,368.9
2/20/99,369.05
2/27/99,368.52
3/6/99,368.13
3/13/99,369.58
3/20/99,370.27
3/27/99,370.65
4/3/99,371.11
4/10/99,371.59
4/17/99,371.07
4/24/99,370.32
5/1/99,370.82
5/8/99,371.33
5/15/99,371.09
5/22/99,370.89
5/29/99,370.41
6/5/99,370.98
6/12/99,370.33
6/19/99,369.97
6/26/99,369.97
7/3/99,369.49
7/10/99,370.15
7/17/99,369.54
7/24/99,368.66
7/31/99,367.48
8/7/99,367.65
8/14/99,366.77
8/21/99,366.44
8/28/99,366.16
9/4/99,364.22
9/11/99,364.75
9/18/99,365.25
9/25/99,364.74
10/2/99,364.62
10/9/99,365.11
10/16/99,364.94
10/23/99,365.7
10/30/99,365.81
11/6/99,366.24
11/13/99,366.75
11/20/99,366.74
11/27/99,367.2
12/4/99,367.47
12/11/99,368.1
12/18/99,368.05
12/25/99,368.27
1/1/00,368.74
1/8/00,368.63
1/15/00,369.12
1/22/00,369.93
1/29/00,369.35
2/5/00,369.18
2/12/00,369.66
2/19/00,369.45
2/26/00,369.61
3/4/00,370.11
3/11/00,370.09
3/18/00,370.98
3/25/00,370.86
4/1/00,371.04
4/8/00,371.81
4/15/00,371.91
4/22/00,372.1
4/29/00,371.37
5/6/00,371.36
5/13/00,371.83
5/20/00,372.01
5/27/00,371.91
6/3/00,371.98
6/10/00,371.71
6/17/00,371.82
6/24/00,371.41
7/1/00,370.96
7/8/00,370.17
7/15/00,370.29
7/22/00,369.85
7/29/00,369.1
8/5/00,368.86
8/12/00,368.46
8/19/00,367.78
8/26/00,367.25
9/2/00,367.28
9/9/00,366.84
9/16/00,366.35
9/23/00,366.34
9/30/00,366.54
10/7/00,366.42
10/14/00,366.75
10/21/00,366.79
10/28/00,367.46
11/4/00,367.78
11/11/00,368.1
11/18/00,368.76
11/25/00,368.42
12/2/00,369.1
12/9/00,369.74
12/16/00,369.41
12/23/00,369.64
12/30/00,369.91
1/6/01,369.95
1/13/01,370.35
1/20/01,370.1
1/27/01,370.91
2/3/01,371.45
2/10/01,371.29
2/17/01,371.82
2/24/01,371.33
3/3/01,372.34
3/10/01,372.32
3/17/01,372.23
3/24/01,371.97
3/31/01,372.18
4/7/01,372.82
4/14/01,372.84
4/21/01,373.17
4/28/01,372.91
5/5/01,373.83
5/12/01,374.08
5/19/01,373.85
5/26/01,374.05
6/2/01,374
6/9/01,373.27
6/16/01,372.98
6/23/01,373.04
6/30/01,372.9
7/7/01,372.29
7/14/01,371.51
7/21/01,371.36
7/28/01,370.76
8/4/01,370.07
8/11/01,369.7
8/18/01,369.43
8/25/01,369.15
9/1/01,368.61
9/8/01,368.34
9/15/01,368.18
9/22/01,367.61
9/29/01,367.56
10/6/01,367.93
10/13/01,367.73
10/20/01,368.23
10/27/01,368.92
11/3/01,368.87
11/10/01,369.03
11/17/01,369.84
11/24/01,370.44
12/1/01,370.51
12/8/01,371.03
12/15/01,371.34
12/22/01,371.51
12/29/01,371.67
1/5/02,371.94
1/12/02,372.26
1/19/02,373.04
1/26/02,372.46
2/2/02,372.85
2/9/02,372.93
2/16/02,372.84
2/23/02,373.4
3/2/02,373.29
3/9/02,373.47
3/16/02,373.37
3/23/02,373.51
3/30/02,374.29
4/6/02,374.5
4/13/02,374.55
4/20/02,375.06
4/27/02,375.47
5/4/02,375.78
5/11/02,374.95
5/18/02,375.24
5/25/02,375.92
6/1/02,375.78
6/8/02,375.66
6/15/02,375.12
6/22/02,375.5
6/29/02,374.47
7/6/02,374.62
7/13/02,374.13
7/20/02,373.68
7/27/02,373.16
8/3/02,372.93
8/10/02,371.73
8/17/02,371.03
8/24/02,370.87
8/31/02,370.12
9/7/02,371.39
9/14/02,371.16
9/21/02,370.45
9/28/02,369.97
10/5/02,369.68
10/12/02,370.04
10/19/02,371.06
10/26/02,370.44
11/2/02,371.67
11/9/02,371.55
11/16/02,372.08
11/23/02,372.69
11/30/02,372.65
12/7/02,373.32
12/14/02,373.44
12/21/02,374.16
12/28/02,374.6
1/4/03,374.49
1/11/03,374.46
1/18/03,374.82
1/25/03,374.89
2/1/03,375.23
2/8/03,374.81
2/15/03,375.7
2/22/03,376.36
3/1/03,375.82
3/8/03,375.89
3/15/03,375.76
3/22/03,376.44
3/29/03,376.82
4/5/03,376.81
4/12/03,377.3
4/19/03,378.11
4/26/03,378.46
5/3/03,378.11
5/10/03,377.49
5/17/03,378.79
5/24/03,378.71
5/31/03,378.29
6/7/03,378.39
6/21/03,377.34
6/28/03,377.85
7/5/03,376.43
7/12/03,377.05
7/19/03,376.7
7/26/03,375.98
8/2/03,375.48
8/9/03,374.67
8/16/03,374.06
8/23/03,374.47
8/30/03,373.48
9/6/03,373.09
9/13/03,372.76
9/20/03,373.08
9/27/03,373.03
10/4/03,372.87
10/25/03,373.33
11/1/03,373.5
11/8/03,373.76
11/15/03,374.45
11/22/03,375.21
11/29/03,374.72
12/6/03,374.47
12/13/03,376.15
12/20/03,376.05
12/27/03,376.43
1/3/04,376.17
1/10/04,376.17
1/17/04,377.01
1/24/04,377.29
1/31/04,377.49
2/7/04,377.47
2/14/04,377
2/21/04,377.35
2/28/04,377.67
3/6/04,378.05
3/13/04,379.4
3/20/04,378.47
3/27/04,378.5
4/3/04,380.09
4/10/04,380.41
4/17/04,380.56
4/24/04,380.71
5/1/04,380.28
5/8/04,381.04
5/15/04,380.51
5/22/04,380.33
5/29/04,380.66
6/5/04,379.62
6/12/04,380
6/19/04,379.3
6/26/04,379.07
7/3/04,378.44
7/10/04,378.04
7/17/04,377.33
7/24/04,376.99
7/31/04,377.35
8/7/04,376.56
8/14/04,375.84
8/21/04,375.7
8/28/04,374.62
9/4/04,373.82
9/11/04,374.57
9/18/04,374.14
9/25/04,373.8
10/2/04,374.01
10/9/04,373.95
10/16/04,374.05
10/23/04,374.58
10/30/04,375.02
11/6/04,375.06
11/13/04,376.13
11/20/04,376.46
11/27/04,376.13
12/4/04,377.09
12/11/04,377.37
12/18/04,377.5
12/25/04,377.68
1/1/05,378.06
1/8/05,378.21
1/15/05,378.36
1/22/05,378.34
1/29/05,378.66
2/5/05,379.02
2/12/05,379.31
2/19/05,380.25
3/26/05,380.57
4/2/05,382.07
4/9/05,382.25
4/16/05,381.35
4/23/05,382.08
4/30/05,382.38
5/7/05,381.51
5/14/05,382.53
5/21/05,382.14
5/28/05,382.58
6/4/05,382.36
6/11/05,382.31
6/18/05,382.12
6/25/05,381.48
7/2/05,381.15
7/9/05,380.9
7/16/05,380.63
7/23/05,380.36
7/30/05,379.86
8/6/05,379.21
8/13/05,378.97
8/20/05,378.4
8/27/05,377.69
9/3/05,377.82
9/10/05,376.33
9/17/05,376.14
9/24/05,375.95
10/1/05,376.33
10/8/05,376.44
10/15/05,377.12
10/22/05,377.31
10/29/05,377.24
11/5/05,377.76
11/12/05,378.07
11/19/05,378.75
11/26/05,378.77
12/3/05,379.41
12/10/05,380.09
12/17/05,380.09
12/24/05,380.14
12/31/05,380.43
1/7/06,381.28
1/14/06,381.41
1/21/06,381.57
1/28/06,381.47
2/4/06,382.04
2/25/06,381.86
3/4/06,382.39
3/11/06,382.55
3/18/06,382.74
3/25/06,382.55
4/1/06,382.97
4/8/06,384.65
4/15/06,384.67
4/22/06,384.71
4/29/06,384.62
5/6/06,384.91
5/13/06,384.87
5/20/06,385.34
5/27/06,384.3
6/3/06,384.29
6/10/06,384.31
6/17/06,384.07
6/24/06,383.55
7/1/06,383
7/8/06,382.78
7/15/06,381.28
7/22/06,381.81
7/29/06,381.55
8/5/06,381.22
8/12/06,380.63
8/19/06,380.2
8/26/06,379.77
9/2/06,379.52
9/9/06,378.66
9/16/06,378.8
9/23/06,378.49
9/30/06,379
10/7/06,378.78
10/14/06,379.14
10/21/06,379.22
10/28/06,379.57
11/4/06,379.67
11/11/06,379.81
11/18/06,379.98
11/25/06,381.42
12/2/06,381.31
12/9/06,381.6
12/16/06,381.81
12/23/06,381.96
12/30/06,381.76
1/6/07,382.64
1/13/07,382.36
1/20/07,381.84
2/3/07,383.09
2/10/07,383.6
2/17/07,384.22
2/24/07,383.76
3/3/07,383.71
3/10/07,383.64
3/17/07,384.28
3/24/07,384.96
3/31/07,385.93
4/7/07,385.46
4/14/07,386.3
4/21/07,387
4/28/07,386.42
5/5/07,385.85
5/12/07,386.54
5/19/07,386.03
5/26/07,386.93
6/2/07,386.6
6/9/07,386.23
6/16/07,386.29
6/23/07,384.95
6/30/07,384.85
7/7/07,384.92
7/14/07,384.75
7/21/07,383.97
7/28/07,383.41
8/4/07,382.51
8/11/07,381.72
8/18/07,381.6
8/25/07,381.67
9/1/07,381.69
9/8/07,380.74
9/15/07,380.75
9/22/07,380.94
9/29/07,380.8
10/6/07,380.68
10/13/07,380.68
10/20/07,381.1
10/27/07,381.36
11/3/07,381.76
11/10/07,381.92
11/17/07,382.43
11/24/07,382.91
12/1/07,382.9
12/8/07,383.31
12/15/07,383.79
12/22/07,383.9
12/29/07,384.04
1/5/08,384.36
1/12/08,384.41
1/19/08,385.47
1/26/08,386.06
2/2/08,386.19
2/9/08,385.72
2/16/08,385.58
2/23/08,385.24
3/1/08,384.88
3/8/08,385.88
3/15/08,385.64
3/22/08,386.17
3/29/08,386.7
4/5/08,388
4/12/08,385.9
4/19/08,386.38
4/26/08,387.19
5/3/08,386.94
5/10/08,388.9
5/17/08,388.84
5/24/08,388.53
5/31/08,388.48
6/7/08,388.16
6/14/08,387.79
6/21/08,387.54
6/28/08,388.11
7/5/08,387.08
7/12/08,386.11
7/19/08,385.73
7/26/08,385.96
8/2/08,384.91
8/9/08,384.68
8/16/08,383.89
8/23/08,383.55
8/30/08,383.16
9/6/08,383.18
9/13/08,383.37
9/20/08,382.98
9/27/08,382.92
10/4/08,382.66
10/11/08,382.72
10/18/08,382.96
10/25/08,382.94
11/1/08,383.61
11/8/08,383.6
11/15/08,384.03
11/22/08,384.32
11/29/08,384.46
12/6/08,384.77
12/13/08,384.89
12/20/08,385.15
12/27/08,385.8
1/3/09,386.01
1/10/09,386.53
1/17/09,386.64
1/24/09,387.05
1/31/09,387.26
2/7/09,386.51
2/14/09,387.44
2/21/09,387.4
2/28/09,387.48
3/7/09,388.54
3/14/09,388.64
3/21/09,388.44
3/28/09,389.17
4/4/09,389.39
4/11/09,389.74
4/18/09,388.67
4/25/09,390.37
5/2/09,390.16
5/9/09,389.87
5/16/09,390.3
5/23/09,390.76
5/30/09,389.35
6/6/09,390.46
6/13/09,390.01
6/20/09,388.88
6/27/09,388.72
7/4/09,388.3
7/11/09,388.68
7/18/09,388.03
7/25/09,387.48
8/1/09,387.16
8/8/09,386.67
8/15/09,385.27
8/22/09,386.05
8/29/09,385.65
9/5/09,385.3
9/12/09,384.48
9/19/09,384.61
9/26/09,384.51
10/3/09,383.43
10/10/09,384.28
10/17/09,384.55
10/24/09,384.79
10/31/09,385.18
11/7/09,385.6
11/14/09,386.09
11/21/09,386.31
11/28/09,386.73
12/5/09,386.91
12/12/09,386.81
12/19/09,388.04
12/26/09,388.19
1/2/10,388.41
1/9/10,388.17
1/16/10,388.69
1/23/10,388.59
1/30/10,389.04
2/6/10,390.91
2/13/10,389.78
2/20/10,390.84
2/27/10,389.38
3/6/10,391.07
3/13/10,391.37
3/20/10,391.55
3/27/10,390.08
4/3/10,391.15
4/10/10,391.6
4/17/10,393.27
4/24/10,393.27
5/1/10,392.99
5/8/10,392.97
5/15/10,393.13
5/22/10,393.55
5/29/10,393.02
6/5/10,393.08
6/12/10,392.35
6/19/10,391.73
6/26/10,391.46
7/3/10,391.01
7/10/10,390.2
7/17/10,389.91
7/24/10,390.12
7/31/10,389.49
8/7/10,389.06
8/14/10,388.76
8/21/10,388.12
8/28/10,387.42
9/4/10,386.91
9/11/10,386.85
9/18/10,386.97
9/25/10,386.87
10/2/10,386.75
10/9/10,386.98
10/16/10,387.03
10/23/10,387.8
10/30/10,387.78
11/6/10,387.95
11/13/10,388.27
11/20/10,389.11
11/27/10,389.59
12/4/10,389.88
12/11/10,389.75
12/18/10,389.58
12/25/10,389.96
1/1/11,390.5
1/8/11,391.61
1/15/11,391.06
1/22/11,391.25
1/29/11,392
2/5/11,391.89
2/12/11,391.52
2/19/11,391.82
2/26/11,392.5
3/5/11,391.59
3/12/11,391.94
3/19/11,392.43
3/26/11,394.11
4/2/11,393.4
4/9/11,392.71
4/16/11,393.73
4/23/11,393.22
4/30/11,393.59
5/7/11,393.36
5/14/11,393.84
5/21/11,395.12
5/28/11,394.49
6/4/11,394.08
6/11/11,393.42
6/18/11,393.92
6/25/11,393.37
7/2/11,393.31
7/9/11,393.61
7/16/11,392.64
7/23/11,391.13
7/30/11,391.77
8/6/11,390.76
8/13/11,390.53
8/20/11,389.82
8/27/11,389.41
9/3/11,389.23
9/10/11,389.17
9/17/11,389.15
9/24/11,388.86
10/1/11,388.91
10/8/11,388.74
10/15/11,388.91
10/22/11,389.09
10/29/11,389.45
11/5/11,389.64
11/12/11,390.24
11/19/11,390.44
11/26/11,390.77
12/3/11,391.08
12/10/11,391.7
12/17/11,392.24
12/24/11,392.09
12/31/11,392.26
1/7/12,392.92
1/14/12,393.61
1/21/12,393.04
1/28/12,393.03
2/4/12,392.43
2/11/12,393.45
2/18/12,393.97
2/25/12,393.62
3/3/12,394.17
3/10/12,393.38
3/17/12,394.79
3/24/12,395.15
3/31/12,394.91
4/7/12,396.45
4/14/12,396.38
4/21/12,396.56
4/28/12,396.7
5/5/12,397.08
5/12/12,397.28
5/19/12,396.56
5/26/12,396.28
6/2/12,396.03
6/9/12,396.02
6/16/12,395.86
6/23/12,395.73
6/30/12,395.41
7/7/12,394.86
7/14/12,394.59
7/21/12,394.35
7/28/12,393.6
8/4/12,393.39
8/11/12,392.93
8/18/12,392.31
8/25/12,391.7
9/1/12,391.98
9/8/12,391
9/15/12,391.03
9/22/12,391.02
9/29/12,390.99
10/20/12,391.29
10/27/12,391.46
11/3/12,391.76
11/10/12,392.77
11/17/12,393.42
11/24/12,393.36
12/1/12,393.61
12/8/12,394.05
12/15/12,394.46
12/22/12,394.83
12/29/12,394.62
1/5/13,394.99
1/12/13,395.57
1/19/13,396.21
1/26/13,395.64
2/2/13,396.39
2/9/13,396.46
2/16/13,397.31
2/23/13,396.88
3/2/13,397.13
3/9/13,396.64
3/16/13,397.25
3/23/13,397.21
3/30/13,398.39
4/6/13,398.05
4/13/13,397.43
4/20/13,398.76
4/27/13,399.33
5/4/13,399.64
5/11/13,399.78
5/18/13,400.04
5/25/13,400.22
6/1/13,399.43
6/8/13,398.91
6/15/13,398.58
6/22/13,398.5
6/29/13,398.65
7/6/13,397.56
7/13/13,397.48
7/20/13,396.83
7/27/13,396.98
8/3/13,396.61
8/10/13,395.55
8/17/13,395.24
8/24/13,394.73
8/31/13,394.33
9/7/13,393.52
9/14/13,393.25
9/21/13,393.53
9/28/13,393.22
10/5/13,393.47
10/12/13,393.52
10/19/13,393.93
10/26/13,394.13
11/2/13,394.39
11/9/13,395.25
11/16/13,394.85
11/23/13,395.66
11/30/13,396.06
12/7/13,396.27
12/14/13,396.52
12/21/13,397.3
12/28/13,397.59
1/4/14,397.9
1/11/14,397.82
1/18/14,398.13
1/25/14,397.75
2/1/14,398.02
2/8/14,397.98
2/15/14,397.79
2/22/14,398.24
3/1/14,397.92
3/8/14,398.88
3/15/14,400.68
3/22/14,399.62
3/29/14,400.34
4/5/14,401.32
4/12/14,401.22
4/19/14,401.29
4/26/14,401.42
5/3/14,401.74
5/10/14,401.51
5/17/14,402.18
5/24/14,401.44
5/31/14,402.12
6/7/14,401.55
6/14/14,401.31
6/21/14,401.21
6/28/14,400.57
7/5/14,400.06
7/12/14,399.58
7/19/14,398.54
7/26/14,397.86
8/2/14,397.86
8/9/14,397.45
8/16/14,397.23
8/23/14,396.75
8/30/14,396.37
9/6/14,396.35
9/13/14,394.8
9/20/14,395.32
9/27/14,395.55
10/4/14,395.57
10/11/14,395.49
10/18/14,395.72
10/25/14,395.91
11/1/14,396.52
11/8/14,396.9
11/15/14,397.34
11/22/14,397.24
11/29/14,398.1
12/6/14,398.26
12/13/14,398.92
12/20/14,399.09
12/27/14,399.01
1/3/15,399.92
1/10/15,399.86
1/17/15,399.72
1/24/15,399.98
1/31/15,400.2
2/7/15,400.02
2/14/15,400.15
2/21/15,400.36
2/28/15,401.03
3/7/15,401.63
3/14/15,401.8
3/21/15,400.79
3/28/15,402.5
4/4/15,402.74
4/11/15,403.88
4/18/15,403.8
4/25/15,403.22
5/2/15,404.07
5/9/15,404.09
5/16/15,404.31
5/23/15,403.85
5/30/15,403.81
6/6/15,403.45
6/13/15,402.72
6/20/15,402.63
6/27/15,402.36
7/4/15,402.25
7/11/15,401.71
7/18/15,401.02
7/25/15,401.3
8/1/15,398.74
8/8/15,399.21
8/15/15,399.12
8/22/15,399.03
8/29/15,398.8
9/5/15,398.16
9/12/15,397.1
9/19/15,397.57
9/26/15,397.42
10/3/15,397.74
10/10/15,398.51
10/17/15,398.61
10/24/15,398.43
10/31/15,398.87
11/7/15,399.53
11/14/15,400.75
11/21/15,400.42
11/28/15,400.83
12/5/15,400.91
12/12/15,402.4
12/19/15,402.32
12/26/15,402.01
1/2/16,402.25
1/9/16,402.23
1/16/16,402.68
1/23/16,403.26
1/30/16,402.79
2/6/16,404.98
2/13/16,403.22
2/20/16,404.59
2/27/16,403.98
3/5/16,403.99
3/12/16,404.51
3/19/16,405.01
3/26/16,406.16
4/2/16,405.7
4/9/16,408.56
4/16/16,408.16
4/23/16,407.7
4/30/16,407.84
5/7/16,407.51
5/14/16,407.54
5/21/16,407.41
5/28/16,407.92
6/4/16,407.52
6/11/16,406.99
6/18/16,407.02
6/25/16,406.4
7/2/16,405.96
7/9/16,404.93
7/16/16,403.64
7/23/16,403.71
7/30/16,403.76
8/6/16,403.22
8/13/16,402.11
8/20/16,401.78
8/27/16,401.43
9/3/16,401.27
9/10/16,401.13
9/17/16,401.25
9/24/16,400.85
10/1/16,400.82
10/8/16,401.2
10/15/16,401.7
10/22/16,401.82
10/29/16,402.38
11/5/16,403.15
11/12/16,403.12
11/19/16,403.95
11/26/16,404.44
12/3/16,404.16
12/10/16,404.28
12/17/16,404.63
12/24/16,404.66
12/31/16,405.38
1/7/17,405.94
1/14/17,405.91
1/21/17,406.37
1/28/17,406.35
2/4/17,406.2
2/11/17,406.02
2/18/17,406.17
2/25/17,408.07
3/4/17,407.06
3/11/17,406.53
3/18/17,406.73
3/25/17,407.89
4/1/17,408.66
4/8/17,407.19
4/15/17,409.12
4/22/17,409.89
4/29/17,409.04
5/6/17,409.54
5/13/17,409.83
5/20/17,410.18
5/27/17,409.88
6/3/17,409.67
6/10/17,409.62
6/17/17,408.82
6/24/17,408.43
7/1/17,407.77
7/8/17,407.68
7/15/17,407.11
7/22/17,406.76
7/29/17,406.5
8/5/17,405.93
8/12/17,405.55
8/19/17,404.81
8/26/17,404.54
9/2/17,404.1
9/9/17,403.39
9/16/17,403.44
9/23/17,402.95
9/30/17,402.73
10/7/17,403.19
10/14/17,403.6
10/21/17,404.05
10/28/17,404.25
11/4/17,404.28
11/11/17,404.51
11/18/17,405.53
11/25/17,406.36
12/2/17,406.85
12/9/17,406.16
12/16/17,406.5
12/23/17,407.07
12/30/17,407.24
1/6/18,407.96
1/13/18,408.08
1/20/18,408.26
1/27/18,408.05
2/3/18,407.63
2/10/18,408.41
2/17/18,408.46
2/24/18,408.69
3/3/18,408.77
3/10/18,409.64
3/17/18,408.69
3/24/18,409.77
3/31/18,409.63
4/7/18,409.41
4/14/18,410.1
4/21/18,411.36
4/28/18,410.58
5/5/18,409.75
5/12/18,411.62
5/19/18,411.43
5/26/18,411.81
6/2/18,411.15
6/9/18,411.24
6/16/18,410.56
6/23/18,410.81
6/30/18,410.19
7/7/18,409.29
7/14/18,409.07
7/21/18,408.49
7/28/18,408.08
8/4/18,407.36
8/11/18,407.28
8/18/18,407.07
8/25/18,406.63
9/1/18,405.98
9/8/18,405.61
9/15/18,405.6
9/22/18,405.69
9/29/18,405.56
10/6/18,405.56
10/13/18,405.91
10/20/18,406.42
10/27/18,406.51